UID No,Manufacturer,Engine Identification,Combustor Description,Eng Type,B/P Ratio,Pressure Ratio,Rated Thrust (kN),Fuel Flow T/O (kg/sec),Fuel Flow C/O (kg/sec),Fuel Flow App (kg/sec),Fuel Flow Idle (kg/sec),Fuel LTO Cycle (kg)  ,Fuel Heat of Combustion (MJ/kg),Fuel Hydrogen Content (% mass),Fuel Aromatics Content (% vol),nvPM EImass T/O (mg/kg),nvPM EImass C/O (mg/kg),nvPM EImass App (mg/kg),nvPM EImass Idle (mg/kg),nvPM EImass Max (mg/kg),nvPM EInum T/O (#/kg),nvPM EInum C/O (#/kg),nvPM EInum App (#/kg),nvPM EInum Idle (#/kg),nvPM EInum Max (#/kg),nvPM EImass_SL T/O (mg/kg),nvPM EImass_SL C/O (mg/kg),nvPM EImass_SL App (mg/kg),nvPM EImass_SL Idle (mg/kg),nvPM EInum_SL T/O (#/kg),nvPM EInum_SL C/O (#/kg),nvPM EInum_SL App (#/kg),nvPM EInum_SL Idle (#/kg),Ambient Baro Min (kPa),Ambient Baro Max (kPa),Ambient Temp Min (K),Ambient Temp Max (K)
01P14RR101,Rolls-Royce plc,Trent 768,Phase5,MTF,5.15,34.47876973,304.2583848,2.90696473,2.374895421,0.781005877,0.259224399,1027.410188,43.1,13.6,19.4,84.6840349,97.14918306,15.22853331,4.318170409,96.78451018,2.97E+14,4.38E+14,3.90E+14,5.48E+14,5.20E+14,90.77641637,105.2011459,18.12727804,6.482467237,4.18E+14,6.55E+14,8.53E+14,2.08E+15,101.0270136,101.2821201,289.25,293.193
01P14RR102,Rolls-Royce plc,Trent 772,Phase5,MTF,5.03,36.33029396,320.271984,3.139294606,2.530328001,0.821345772,0.270317367,1084.671747,43.1,13.6,19.4,72.6511662,94.91360085,17.07082574,4.143416827,95.7819727,2.38E+14,3.94E+14,4.09E+14,4.52E+14,5.44E+14,77.64144607,102.4448641,20.19091421,6.067214383,3.39E+14,5.73E+14,8.71E+14,1.66E+15,101.0270136,101.2821201,289.25,293.193
01P18RR103,Rolls-Royce plc,Trent 970-84,Phase5 Tiled,TF,8.450159649,38.00353838,338.7498982,2.605410909,2.157408247,0.720501074,0.255249126,965.3140403,43.1155,13.75,17.8,63.353111,75.48186419,60.84885321,6.608771761,104.0248806,2.45E+14,3.58E+14,1.01E+15,4.16E+14,1.13E+15,68.51742952,82.37115092,71.54682631,8.80126137,3.24E+14,5.60E+14,2.51E+15,1.04E+15,99.7,100.5,276.6,286.7
01P18RR104,Rolls-Royce plc,Trent 972-84,Phase5 Tiled,TF,8.412943856,38.68215841,345.9515696,2.671812473,2.2103027,0.735125798,0.258220186,983.229762,43.1155,13.75,17.8,62.44220451,73.48837017,63.52044728,6.45086087,103.9639161,2.31E+14,3.41E+14,1.03E+15,4.15E+14,1.13E+15,67.44663382,80.0989842,74.56600994,8.611962886,3.05E+14,5.20E+14,2.54E+15,1.05E+15,99.7,100.5,276.6,286.7
01P18RR105,Rolls-Royce plc,Trent 972E-84,Phase5 Tiled,TF,8.412943856,38.68215841,345.9515696,2.671812473,2.2103027,0.735125798,0.258220186,983.229762,43.1155,13.75,17.8,62.44220451,73.48837017,63.52044728,6.45086087,103.9639161,2.31E+14,3.41E+14,1.03E+15,4.15E+14,1.13E+15,67.44663382,80.0989842,74.56600994,8.611962886,3.05E+14,5.20E+14,2.54E+15,1.05E+15,99.73746078,100.4704427,276.603,286.7
02P23RR126,Rolls-Royce plc,Trent 1000-AE3,Phase5 Tiled,TF,9.14026,43.17717338,310.8639945,2.326860204,1.908069345,0.642505838,0.243693937,883.9572243,43.3373,13.97,15.9,55.12510143,94.5809828,70.3242197,18.76861065,151.786354,1.74E+14,3.26E+14,8.41E+14,4.45E+14,9.59E+14,59.25800595,102.4745096,81.46453427,22.67479272,2.38E+14,4.88E+14,1.89E+15,8.90E+14,100.7787547,101.5589938,287.0074463,292.5793457
02P23RR127,Rolls-Royce plc,Trent 1000-CE3,Phase5 Tiled,TF,9.01653,46.00133642,334.6797751,2.556194449,2.089633046,0.687370895,0.255639634,946.9585721,43.3373,13.97,15.9,44.80126458,76.31186878,76.51558413,19.1381255,152.9595969,1.30E+14,2.53E+14,8.68E+14,4.59E+14,9.64E+14,47.99737992,82.39770255,88.22466525,23.05410317,1.76E+14,3.61E+14,1.94E+15,9.08E+14,100.7787547,101.5589938,287.0074463,292.5793457
02P23RR128,Rolls-Royce plc,Trent 1000-D3,Phase5 Tiled,TF,9.01653,46.00133642,334.6797751,2.556194449,2.089633046,0.687370895,0.255639634,946.9585721,43.3373,13.97,15.9,44.80126458,76.31186878,76.51558413,19.1381255,152.9595969,1.30E+14,2.53E+14,8.68E+14,4.59E+14,9.64E+14,47.99737992,82.39770255,88.22466525,23.05410317,1.76E+14,3.61E+14,1.94E+15,9.08E+14,100.7787547,101.5589938,287.0074463,292.5793457
02P23RR129,Rolls-Royce plc,Trent 1000-G3,Phase5 Tiled,TF,9.074,44.69692433,323.7282525,2.449242493,2.005474664,0.666631387,0.250173879,917.8536242,43.3373,13.97,15.9,48.6841333,84.42712765,73.62680074,18.98559581,152.4430605,1.48E+14,2.84E+14,8.56E+14,4.52E+14,9.62E+14,52.23301096,91.30322578,85.07780827,22.90031982,2.00E+14,4.14E+14,1.92E+15,8.99E+14,100.7787547,101.5589938,287.0074463,292.5793457
02P23RR130,Rolls-Royce plc,Trent 1000-H3,Phase5 Tiled,TF,9.28204,40.34758574,287.1371783,2.107523452,1.732300005,0.59832584,0.232309838,823.181135,43.3373,13.97,15.9,71.5550856,114.0448946,64.15334992,18.31360517,150.3920384,2.36E+14,4.17E+14,8.12E+14,4.35E+14,9.53E+14,77.21851625,123.9921661,74.65730097,22.18543538,3.35E+14,6.59E+14,1.83E+15,8.76E+14,100.7787547,101.5589938,287.0074463,292.5793457
02P23RR131,Rolls-Royce plc,Trent 1000-J3,Phase5 Tiled,TF,8.93421,47.95575327,350.9024407,2.720924834,2.216891965,0.718595434,0.263591686,990.5745165,43.3373,13.97,15.9,41.57005497,65.34186399,80.93544866,19.31635276,153.6664427,1.11E+14,2.11E+14,8.84E+14,4.68E+14,9.67E+14,44.46022148,70.38940541,93.0202089,23.22679154,1.50E+14,2.94E+14,1.96E+15,9.22E+14,100.7787547,101.5589938,287.0074463,292.5793457
02P23RR132,Rolls-Royce plc,Trent 1000-K3,Phase5 Tiled,TF,8.93421,47.95575327,350.9024407,2.720924834,2.216891965,0.718595434,0.263591686,990.5745165,43.3373,13.97,15.9,41.57005497,65.34186399,80.93544866,19.31635276,153.6664427,1.11E+14,2.11E+14,8.84E+14,4.68E+14,9.67E+14,44.46022148,70.38940541,93.0202089,23.22679154,1.50E+14,2.94E+14,1.96E+15,9.22E+14,100.7787547,101.5589938,287.0074463,292.5793457
02P23RR133,Rolls-Royce plc,Trent 1000-L3,Phase5 Tiled,TF,9.01653,46.00133642,334.6797751,2.556194449,2.089633046,0.687370895,0.255639634,946.9585721,43.3373,13.97,15.9,44.80126458,76.31186878,76.51558413,19.1381255,152.9595969,1.30E+14,2.53E+14,8.68E+14,4.59E+14,9.64E+14,47.99737992,82.39770255,88.22466525,23.05410317,1.76E+14,3.61E+14,1.94E+15,9.08E+14,100.7787547,101.5589938,287.0074463,292.5793457
02P23RR134,Rolls-Royce plc,Trent 1000-M3,Phase5 Tiled,TF,8.91709,48.7886282,358.0551817,2.801665695,2.273884935,0.732404649,0.267040851,1010.183615,43.3373,13.97,15.9,40.96549321,61.20441106,82.9150368,19.3849637,153.9402258,1.04E+14,1.95E+14,8.91E+14,4.72E+14,9.68E+14,43.79150802,65.86866739,95.16236384,23.29076408,1.41E+14,2.70E+14,1.97E+15,9.28E+14,100.7787547,101.5589938,287.0074463,292.5793457
02P23RR135,Rolls-Royce plc,Trent 1000-N3,Phase5 Tiled,TF,8.91709,48.7886282,358.0551817,2.801665695,2.273884935,0.732404649,0.267040851,1010.183615,43.3373,13.97,15.9,40.96549321,61.20441106,82.9150368,19.3849637,153.9402258,1.04E+14,1.95E+14,8.91E+14,4.72E+14,9.68E+14,43.79150802,65.86866739,95.16236384,23.29076408,1.41E+14,2.70E+14,1.97E+15,9.28E+14,100.7787547,101.5589938,287.0074463,292.5793457
02P23RR136,Rolls-Royce plc,Trent 1000-P3,Phase5 Tiled,TF,9.01653,46.00133642,334.6797751,2.556194449,2.089633046,0.687370895,0.255639634,946.9585721,43.3373,13.97,15.9,44.80126458,76.31186878,76.51558413,19.1381255,152.9595969,1.30E+14,2.53E+14,8.68E+14,4.59E+14,9.64E+14,47.99737992,82.39770255,88.22466525,23.05410317,1.76E+14,3.61E+14,1.94E+15,9.08E+14,100.7787547,101.5589938,287.0074463,292.5793457
02P23RR137,Rolls-Royce plc,Trent 1000-Q3,Phase5 Tiled,TF,8.93421,47.95575327,350.9024407,2.720924834,2.216891965,0.718595434,0.263591686,990.5745165,43.3373,13.97,15.9,41.57005497,65.34186399,80.93544866,19.31635276,153.6664427,1.11E+14,2.11E+14,8.84E+14,4.68E+14,9.67E+14,44.46022148,70.38940541,93.0202089,23.22679154,1.50E+14,2.94E+14,1.96E+15,9.22E+14,100.7787547,101.5589938,287.0074463,292.5793457
02P23RR138,Rolls-Royce plc,Trent 1000-R3,Phase5 Tiled,TF,8.88349,49.55092814,363.873456,2.871939519,2.321923842,0.743516816,0.269894905,1026.595495,43.3373,13.97,15.9,40.81155926,58.32128192,84.52196709,19.43387954,154.1346673,9.96E+13,1.84E+14,8.96E+14,4.75E+14,9.69E+14,43.62286465,62.72087675,96.8993217,23.33544592,1.36E+14,2.53E+14,1.97E+15,9.33E+14,100.7787547,101.5589938,287.0074463,292.5793457
02P23RR139,Rolls-Royce plc,Trent7000-68,Phase5 Tiled,TF,9.15518,42.97172768,308.7377444,2.287955745,1.875708105,0.627776485,0.245376377,877.141116,43.3373,13.97,15.9,60.33865495,101.3400677,67.75563979,18.27394707,151.3081397,1.93E+14,3.56E+14,8.29E+14,4.34E+14,9.57E+14,64.94969811,109.9300366,78.64068466,22.14204354,2.68E+14,5.42E+14,1.87E+15,8.75E+14,100.7787547,101.5589938,287.0074463,292.5793457
02P23RR140,Rolls-Royce plc,Trent7000-70,Phase5 Tiled,TF,9.09338,44.08898748,317.7720832,2.372967535,1.942943307,0.644608387,0.249716519,900.3969363,43.3373,13.97,15.9,54.65172651,94.10924595,70.20757281,18.46805406,151.8120796,1.72E+14,3.24E+14,8.41E+14,4.38E+14,9.59E+14,58.74150868,101.9547598,81.33656815,22.35344549,2.35E+14,4.84E+14,1.89E+15,8.80E+14,100.7787547,101.5589938,287.0074463,292.5793457
02P23RR141,Rolls-Royce plc,Trent7000-72,Phase5 Tiled,TF,8.93939,45.77018304,327.9184776,2.502003485,2.039506292,0.670804711,0.258873207,939.1343107,43.3373,13.97,15.9,48.06919443,84.0730086,74.00879286,18.82690702,152.4957125,1.45E+14,2.83E+14,8.58E+14,4.47E+14,9.62E+14,51.56243691,90.9142105,85.49460195,22.73602496,1.96E+14,4.12E+14,1.92E+15,8.92E+14,100.7787547,101.5589938,287.0074463,292.5793457
02P23RR142,Rolls-Royce plc,Trent7000-72C,Phase5 Tiled,TF,8.93939,45.77018304,327.9184776,2.502003485,2.039506292,0.670804711,0.258873207,939.1343107,43.3373,13.97,15.9,48.06919443,84.0730086,74.00879286,18.82690702,152.4957125,1.45E+14,2.83E+14,8.58E+14,4.47E+14,9.62E+14,51.56243691,90.9142105,85.49460195,22.73602496,1.96E+14,4.12E+14,1.92E+15,8.92E+14,100.7787547,101.5589938,287.0074463,292.5793457
02P23RR143,Rolls-Royce plc,Trent7000-72D,Phase5 Tiled,TF,8.93939,45.77018304,327.9184776,2.502003485,2.039506292,0.670804711,0.258873207,939.1343107,43.3373,13.97,15.9,48.06919443,84.0730086,74.00879286,18.82690702,152.4957125,1.45E+14,2.83E+14,8.58E+14,4.47E+14,9.62E+14,51.56243691,90.9142105,85.49460195,22.73602496,1.96E+14,4.12E+14,1.92E+15,8.92E+14,100.7787547,101.5589938,287.0074463,292.5793457
01P18RR121,Rolls-Royce plc,Trent XWB-75,Phase5 Tiled,TF,9.28,36.76780059,334.0347829,2.410500234,1.979556757,0.715470994,0.269880773,955.2695458,43.18233333,13.84,16.8,53.34415846,85.90682384,81.97249616,25.3920242,132.2577485,2.49E+14,4.19E+14,9.73E+14,7.78E+14,1.05E+15,58.09216578,94.18452559,94.42213048,31.32455836,3.77E+14,7.17E+14,2.13E+15,1.82E+15,98.6,101.9,283,295
01P18RR122,Rolls-Royce plc,Trent XWB-79B,Phase5 Tiled,TF,9.15,38.80982694,355.1682856,2.600982613,2.129124661,0.755489972,0.279677539,1007.900279,43.18233333,13.84,16.8,44.94554231,73.3437507,87.37219279,25.14537836,132.4369947,2.01E+14,3.51E+14,9.83E+14,7.77E+14,1.05E+15,48.80213692,80.22598836,100.3202129,31.05305705,2.94E+14,5.76E+14,2.14E+15,1.83E+15,98.6,101.9,283,295
01P18RR123,Rolls-Royce plc,Trent XWB-79,Phase5 Tiled,TF,9.15,38.80982694,355.1682856,2.600982613,2.129124661,0.755489972,0.279677539,1007.900279,43.18233333,13.84,16.8,44.94554231,73.3437507,87.37219279,25.14537836,132.4369947,2.01E+14,3.51E+14,9.83E+14,7.77E+14,1.05E+15,48.80213692,80.22598836,100.3202129,31.05305705,2.94E+14,5.76E+14,2.14E+15,1.83E+15,98.6,101.9,283,295
01P18RR124,Rolls-Royce plc,Trent XWB-84,Phase5 Tiled,TF,9.01,41.1,379.0463413,2.81857631,2.306162872,0.801014545,0.290680093,1068.49814,43.18233333,13.84,16.8,40.85758097,60.07679068,93.1738438,25.05730006,132.6216958,1.63E+14,2.83E+14,9.92E+14,7.75E+14,1.05E+15,44.2089768,65.53732995,106.6245961,30.95172443,2.34E+14,4.42E+14,2.15E+15,1.85E+15,98.6,101.9,283,295
01P21RR125,Rolls-Royce plc,Trent XWB-97,Phase5 Tiled (Improved),TF,8.059,48.41317365,436.7486771,3.497826514,2.798047265,0.918076597,0.300838147,1205.896844,43.37136958,14.02555556,15.43333333,43.54267731,35.12555132,58.95243165,8.262770544,64.71465174,1.95E+14,2.10E+14,9.27E+14,4.83E+14,1.01E+15,47.36938473,38.65606289,68.39997292,10.95061835,2.86E+14,3.22E+14,1.75E+15,1.20E+15,98.5,102,282.3,294.1
01P04BR013,Rolls-Royce Deutschland,BR700-710A2-20,,MTF,4.19,24.16,65.61,0.72255616,0.598101449,0.216332303,0.091223213,303.5247143,43.33,13.94666667,15.43333333,608.4906408,556.9287202,5.600396305,11.19188132,608.8682266,3.97E+15,5.72E+15,9.49E+14,1.30E+15,6.97E+15,667.9567528,627.7372501,7.806887023,15.51030597,6.33E+15,9.86E+15,2.55E+15,3.45E+15,100.3,100.6,287.6,291.7
01P06BR014,Rolls-Royce Deutschland,BR700-710C4-11,Annular,MTF,4.05,24.95,68.77,0.753223059,0.619663935,0.220876551,0.090593406,307.767093,43.33,13.94666667,15.43333333,600.9562997,581.3922383,8.312862468,9.946484992,612.7643148,3.67E+15,5.36E+15,1.07E+15,1.22E+15,7.00E+15,659.7050292,650.2015521,11.38966776,13.92242903,5.81E+15,9.04E+15,2.80E+15,3.29E+15,100.3,100.6,287.6,291.7
01P20BR015,Rolls-Royce Deutschland,BR700-710D5-21,Phase5 Tiled,MTF,4.62,33.14,68.43780545,0.681671594,0.563960633,0.197462387,0.079577457,274.6048158,43.35533333,13.98333333,15.46666667,63.33881397,81.39641023,114.833227,188.2367649,188.2467643,3.13E+14,6.36E+14,1.57E+15,2.69E+15,2.82E+15,69.17843011,90.88374772,132.0634203,217.3271309,4.91E+14,1.09E+15,3.02E+15,5.23E+15,101.2,102,283.9,287.8
01P11BR016,Rolls-Royce Deutschland,BR700-725A1-12,Z-ring,MTF,4.35,26.16,75.699842,0.788931225,0.650415293,0.220720312,0.084861703,304.3470622,43.29,13.85,16.875,216.6668006,227.2523578,20.84594355,22.43844012,231.8063063,1.13E+15,1.65E+15,1.09E+15,1.34E+15,2.37E+15,236.9098713,251.5944182,26.68545406,29.65673226,1.72E+15,2.63E+15,2.58E+15,3.39E+15,99,99.8,291.8,296.9
01P06AL028,Rolls-Royce Corporation,AE3007A1,Type 3 (reduced emissions),MTF,4.82958,17.70010204,35.01023132,0.385674564,0.324250062,0.118560863,0.049999309,165.4528686,43.1995,13.69,16.2,43.14269658,34.88510962,9.848163363,18.40553384,43.14269658,2.83E+14,3.09E+14,3.26E+14,6.38E+14,6.38E+14,48.28028469,39.75406735,12.73522152,25.67888996,6.75E+14,7.96E+14,1.24E+15,2.48E+15,98.8,99.9,272.8,283.2
01P06AL029,Rolls-Royce Corporation,AE3007A1/1,Type 3 (reduced emissions),MTF,4.82958,17.70010204,35.01023132,0.385674564,0.324250062,0.118560863,0.049999309,165.4528686,43.1995,13.69,16.2,43.14269658,34.88510962,9.848163363,18.40553384,43.14269658,2.83E+14,3.09E+14,3.26E+14,6.38E+14,6.38E+14,48.28028469,39.75406735,12.73522152,25.67888996,6.75E+14,7.96E+14,1.24E+15,2.48E+15,98.8,99.9,272.8,283.2
01P06AL030,Rolls-Royce Corporation,AE3007A1/3,Type 3 (reduced emissions),MTF,4.85851,17.1487102,33.56529373,0.368812711,0.310245482,0.114428251,0.049058828,160.4370895,43.1995,13.69,16.2,41.34548634,32.805921,9.986244857,18.79226173,41.34548634,2.94E+14,3.12E+14,3.32E+14,6.59E+14,6.59E+14,46.46984538,37.57767601,12.91338741,26.28982359,7.15E+14,8.19E+14,1.28E+15,2.57E+15,98.8,99.9,272.8,283.2
01P06AL031,Rolls-Royce Corporation,AE3007A1P,Type 3 (reduced emissions),MTF,4.82958,17.70010204,35.01023132,0.385674564,0.324250062,0.118560863,0.049999309,165.4528686,43.1995,13.69,16.2,43.14269658,34.88510962,9.848163363,18.40553384,43.14269658,2.83E+14,3.09E+14,3.26E+14,6.38E+14,6.38E+14,48.28028469,39.75406735,12.73522152,25.67888996,6.75E+14,7.96E+14,1.24E+15,2.48E+15,98.8,99.9,272.8,283.2
01P06AL032,Rolls-Royce Corporation,AE3007A1E,Type 3 (reduced emissions),MTF,4.778,18.62641429,37.41103203,0.414914443,0.346942086,0.125301174,0.051416457,173.5047164,43.1995,13.69,16.2,45.70003893,38.03951532,9.72188168,17.90447472,45.70003893,2.60E+14,3.01E+14,3.17E+14,6.12E+14,6.12E+14,50.79974618,43.02324742,12.56536837,24.87400783,6.00E+14,7.52E+14,1.20E+15,2.37E+15,98.8,99.9,272.8,283.2
01P10AL033,Rolls-Royce Corporation,AE3007A2,Type 3 (reduced emissions),MTF,4.79,20.19696735,42.23309609,0.466294017,0.387920888,0.138250829,0.0546188,189.1754335,43.1995,13.69,16.2,48.79929911,43.82177409,9.978893514,16.6735448,48.79929911,1.97E+14,2.68E+14,2.99E+14,5.51E+14,5.51E+14,53.54362932,48.86687597,12.8093596,22.84634242,4.22E+14,6.28E+14,1.09E+15,2.11E+15,98.8,99.9,272.8,283.2
01P06AL034,Rolls-Royce Corporation,AE3007A3,Type 3 (reduced emissions),MTF,4.85851,17.1487102,33.56529373,0.368812711,0.310245482,0.114428251,0.049058828,160.4370895,43.1995,13.69,16.2,41.34548634,32.805921,9.986244857,18.79226173,41.34548634,2.94E+14,3.12E+14,3.32E+14,6.59E+14,6.59E+14,46.46984538,37.57767601,12.91338741,26.28982359,7.15E+14,8.19E+14,1.28E+15,2.57E+15,98.8,99.9,272.8,283.2
01P22PW141,Pratt & Whitney Canada,PW814GA,TALON X,MTF,5.706679716,33.5596761,68.63158638,0.672077719,0.555612749,0.198328813,0.069640758,257.8066447,43.26,13.82,16.025,9.492657339,4.08397635,1.205791,1.302387546,9.492657339,1.39E+14,7.31E+13,4.91E+12,3.42E+13,1.39E+14,12.63511335,5.468451018,1.357129428,1.959883293,5.30E+14,2.84E+14,1.04E+13,1.74E+14,100,101.4,293.6,303
01P22PW142,Pratt & Whitney Canada,PW815GA,TALON X,MTF,5.65375709,34.64684268,71.22045042,0.701139975,0.578855738,0.204380211,0.070945659,265.583315,43.26,13.82,16.025,11.03506726,5.020189356,1.239615394,1.346518035,11.03506726,1.51E+14,8.67E+13,4.72E+12,3.30E+13,1.51E+14,14.53906347,6.747326526,1.387587057,2.004880493,5.63E+14,3.40E+14,9.71E+12,1.64E+14,100,101.4,293.6,303
03P16PW192,Pratt & Whitney Canada,PW307A,TALON II,MTF,4.25997249,20.21,28.49,0.326697745,0.272269119,0.101549704,0.044727227,143.807232,43.06,13.455,21.6,56.95714638,36.01859332,6.654555476,272.727495,272.727495,6.46E+14,6.29E+14,2.88E+14,1.92E+15,1.92E+15,72.44754671,47.49449698,10.21509177,335.1088733,2.00E+15,2.19E+15,1.48E+15,5.23E+15,99.42,100.55,288.7,291.3
03P15PW193,Pratt & Whitney Canada,PW307D,TALON II,MTF,4.25997249,21.44,29.91,0.342831151,0.282943744,0.107187497,0.045019505,147.7029091,43.06,13.455,21.6,65.41337438,38.79138487,5.652313613,246.5516245,246.5516245,5.76E+14,6.36E+14,2.34E+14,1.88E+15,1.88E+15,83.20358018,51.15072916,8.67659793,302.9457557,1.78E+15,2.21E+15,1.20E+15,5.12E+15,99.42,100.55,288.7,291.3
01P07PW145,Pratt & Whitney Canada,PW308A,Annular,MTF,4.1,20.3980675,30.71006606,0.360370236,0.299109438,0.12349935,0.044504168,153.6843418,43.265,13.85,16,209.6304969,154.8257309,48.45588204,66.52081778,209.6304969,9.24E+14,9.33E+14,4.74E+14,1.03E+15,1.03E+15,246.4429084,184.7981856,60.50735995,87.6898961,2.15E+15,2.39E+15,1.43E+15,3.68E+15,99.42,100.18,296,300
01P07PW146,Pratt & Whitney Canada,PW308C BS 1047,Annular,MTF,4.1,20.70291236,31.14630132,0.366871793,0.304716401,0.123718588,0.044754906,155.1412955,43.265,13.85,16,223.9689819,169.9857658,48.62964661,67.21578426,223.9689819,9.08E+14,9.42E+14,4.73E+14,1.03E+15,1.03E+15,262.0864242,202.1123711,60.68362018,88.4255503,2.06E+15,2.36E+15,1.42E+15,3.64E+15,99.42,100.18,296,300
03P14PW194,Pratt & Whitney Canada,PW308C BS 1289,TALON II,MTF,4.064122377,21.07,31.15,0.361314672,0.299448093,0.109924143,0.045391827,151.8954086,43.06,13.455,21.7,597.8703669,545.1598233,97.22132338,403.6888459,597.8703669,1.76E+15,1.98E+15,1.62E+15,2.87E+15,2.87E+15,693.5296256,643.2885915,130.2765733,496.5372805,3.80E+15,4.47E+15,5.95E+15,7.72E+15,99.91,100.29,290.4,296.6
01P18PW148,Pratt & Whitney,PW1122G-JM,"TALON X, Block-C",TF,12.72114849,28.78,107.82,0.71,0.6,0.21,0.08,284.22,43.27,13.84,15.3,40.96885805,17.51196358,5.760548028,10.61203726,40.96885805,7.80E+14,4.74E+14,3.31E+14,9.32E+14,9.44E+14,53.32534082,24.22591473,8.565237291,21.03754231,3.28E+15,2.20E+15,2.61E+15,9.09E+15,100.78,103.02,266.7,277.2
01P18PW149,Pratt & Whitney,PW1124G1-JM,"TALON X, Block-C",TF,12.72114849,28.78,107.82,0.71,0.6,0.21,0.08,284.22,43.27,13.84,15.3,40.96885805,17.51196358,5.760548028,10.61203726,40.96885805,7.80E+14,4.74E+14,3.31E+14,9.32E+14,9.44E+14,53.32534082,24.22591473,8.565237291,21.03754231,3.28E+15,2.20E+15,2.61E+15,9.09E+15,100.78,103.02,266.7,277.2
01P18PW150,Pratt & Whitney,PW1124G-JM,"TALON X, Block-C",TF,12.72114849,28.78,107.82,0.71,0.6,0.21,0.08,284.22,43.27,13.84,15.3,40.96885805,17.51196358,5.760548028,10.61203726,40.96885805,7.80E+14,4.74E+14,3.31E+14,9.32E+14,9.44E+14,53.32534082,24.22591473,8.565237291,21.03754231,3.28E+15,2.20E+15,2.61E+15,9.09E+15,100.78,103.02,266.7,277.2
01P18PW151,Pratt & Whitney,PW1127G1-JM,"TALON X, Block-C",TF,12.28054619,31.66,120.44,0.8,0.67,0.232,0.08,302.52,43.27,13.84,15.3,62.76739508,32.06531046,6.446422609,9.297119838,62.76739508,9.43E+14,6.77E+14,3.71E+14,8.37E+14,9.50E+14,78.9693249,42.40375519,9.394367459,18.62153989,3.71E+15,2.91E+15,2.90E+15,8.20E+15,100.78,103.02,266.7,277.2
01P18PW152,Pratt & Whitney,PW1127GA-JM,"TALON X, Block-C",TF,12.28054619,31.66,120.44,0.8,0.67,0.232,0.08,302.52,43.27,13.84,15.3,62.76739508,32.06531046,6.446422609,9.297119838,62.76739508,9.43E+14,6.77E+14,3.71E+14,8.37E+14,9.50E+14,78.9693249,42.40375519,9.394367459,18.62153989,3.71E+15,2.91E+15,2.90E+15,8.20E+15,100.78,103.02,266.7,277.2
01P18PW153,Pratt & Whitney,PW1127G-JM,"TALON X, Block-C",TF,12.28054619,31.66,120.44,0.8,0.67,0.232,0.08,302.52,43.27,13.84,15.3,62.76739508,32.06531046,6.446422609,9.297119838,62.76739508,9.43E+14,6.77E+14,3.71E+14,8.37E+14,9.50E+14,78.9693249,42.40375519,9.394367459,18.62153989,3.71E+15,2.91E+15,2.90E+15,8.20E+15,100.78,103.02,266.7,277.2
01P18PW154,Pratt & Whitney,PW1129G-JM,"TALON X, Block-C",TF,12,34.02,130.08,0.88,0.73,0.2545,0.0795,318.42,43.27,13.84,15.3,77.53524005,45.68440461,6.776342583,8.405434218,77.53524005,9.23E+14,8.34E+14,3.96E+14,7.70E+14,9.64E+14,94.9036517,59.02195001,9.758876373,16.96907633,3.20E+15,3.47E+15,3.10E+15,7.58E+15,100.78,103.02,266.7,277.2
01P18PW155,Pratt & Whitney,PW1130G-JM,"TALON X, Block-C",TF,11.58143044,38.07,147.28,1.023,0.839,0.278,0.099,374.874,43.27,13.84,15.3,93.34573051,70.78678544,6.915058977,7.040626503,93.34573051,7.08E+14,9.57E+14,4.25E+14,6.65E+14,9.64E+14,109.7225116,87.87930322,9.784827603,14.41001937,1.77E+15,3.58E+15,3.36E+15,6.59E+15,100.78,103.02,266.7,277.2
01P18PW156,Pratt & Whitney,PW1133GA-JM,"TALON X, Block-C",TF,11.58143044,38.07,147.28,1.023,0.839,0.278,0.099,374.874,43.27,13.84,15.3,93.34573051,70.78678544,6.915058977,7.040626503,93.34573051,7.08E+14,9.57E+14,4.25E+14,6.65E+14,9.64E+14,109.7225116,87.87930322,9.784827603,14.41001937,1.77E+15,3.58E+15,3.36E+15,6.59E+15,100.78,103.02,266.7,277.2
01P18PW157,Pratt & Whitney,PW1133G-JM,"TALON X, Block-C",TF,11.58143044,38.07,147.28,1.023,0.839,0.278,0.099,374.874,43.27,13.84,15.3,93.34573051,70.78678544,6.915058977,7.040626503,93.34573051,7.08E+14,9.57E+14,4.25E+14,6.65E+14,9.64E+14,109.7225116,87.87930322,9.784827603,14.41001937,1.77E+15,3.58E+15,3.36E+15,6.59E+15,100.78,103.02,266.7,277.2
01P22PW158,Pratt & Whitney,PW1122G-JM,"TALON X, Block-D",TF,12.7211485,28.77668164,107.824385,0.71,0.6,0.21,0.08,284.22,43.3182,13.888,16.51,23.68176142,14.83862107,0.230826868,3.858474225,23.68176142,4.11E+14,3.14E+14,3.28E+13,4.64E+14,4.64E+14,30.08104997,19.64870852,0.554015461,8.663362156,1.58E+15,1.51E+15,4.36E+14,6.41E+15,101.486,102.22,279.62,300.8
01P22PW159,Pratt & Whitney,PW1124G1-JM,"TALON X, Block-D",TF,12.7211485,28.77668164,107.824385,0.71,0.6,0.21,0.08,284.22,43.3182,13.888,16.51,23.68176142,14.83862107,0.230826868,3.858474225,23.68176142,4.11E+14,3.14E+14,3.28E+13,4.64E+14,4.64E+14,30.08104997,19.64870852,0.554015461,8.663362156,1.58E+15,1.51E+15,4.36E+14,6.41E+15,101.486,102.22,279.62,300.8
01P22PW160,Pratt & Whitney,PW1124G-JM,"TALON X, Block-D",TF,12.7211485,28.77668164,107.824385,0.71,0.6,0.21,0.08,284.22,43.3182,13.888,16.51,23.68176142,14.83862107,0.230826868,3.858474225,23.68176142,4.11E+14,3.14E+14,3.28E+13,4.64E+14,4.64E+14,30.08104997,19.64870852,0.554015461,8.663362156,1.58E+15,1.51E+15,4.36E+14,6.41E+15,101.486,102.22,279.62,300.8
01P22PW161,Pratt & Whitney,PW1127G1-JM,"TALON X, Block-D",TF,12.280546,31.65753116,120.435034,0.8,0.67,0.232,0.08,302.52,43.3182,13.888,16.51,29.18474595,20.40897914,0.235896214,3.476418371,29.18474595,4.10E+14,3.89E+14,3.10E+13,4.18E+14,4.19E+14,36.28235539,26.2980373,0.556650927,7.790166716,1.45E+15,1.60E+15,3.85E+14,5.78E+15,101.486,102.22,279.62,300.8
01P22PW162,Pratt & Whitney,PW1127GA-JM,"TALON X, Block-D",TF,12.280546,31.65753116,120.435034,0.8,0.67,0.232,0.08,302.52,43.3182,13.888,16.51,29.18474595,20.40897914,0.235896214,3.476418371,29.18474595,4.10E+14,3.89E+14,3.10E+13,4.18E+14,4.19E+14,36.28235539,26.2980373,0.556650927,7.790166716,1.45E+15,1.60E+15,3.85E+14,5.78E+15,101.486,102.22,279.62,300.8
01P22PW163,Pratt & Whitney,PW1127G-JM,"TALON X, Block-D",TF,12.280546,31.65753116,120.435034,0.8,0.67,0.232,0.08,302.52,43.3182,13.888,16.51,29.18474595,20.40897914,0.235896214,3.476418371,29.18474595,4.10E+14,3.89E+14,3.10E+13,4.18E+14,4.19E+14,36.28235539,26.2980373,0.556650927,7.790166716,1.45E+15,1.60E+15,3.85E+14,5.78E+15,101.486,102.22,279.62,300.8
01P22PW164,Pratt & Whitney,PW1129G-JM,"TALON X, Block-D",TF,12.00300026,34.02452385,130.08,0.88,0.73,0.2545,0.0795,318.42,43.3182,13.888,16.51,32.7477037,24.99077442,0.273430447,3.188988848,32.7477037,3.78E+14,4.20E+14,3.25E+13,3.84E+14,4.22E+14,40.07033628,31.62151175,0.624697145,7.135445104,1.26E+15,1.58E+15,3.78E+14,5.31E+15,101.486,102.22,279.62,300.8
01P22PW165,Pratt & Whitney,PW1130G-JM,"TALON X, Block-D",TF,11.58143,38.06983128,147.2799253,1.023,0.839,0.278,0.099,374.874,43.3182,13.888,16.51,37.69829777,31.3850817,0.403684144,2.699376792,37.69829777,3.12E+14,4.01E+14,4.07E+13,3.25E+14,4.25E+14,44.89306945,38.71285931,0.86654626,6.024876851,8.72E+14,1.38E+15,4.30E+14,4.51E+15,101.486,102.22,279.62,300.8
01P22PW166,Pratt & Whitney,PW1133GA-JM,"TALON X, Block-D",TF,11.58143,38.06983128,147.2799253,1.023,0.839,0.278,0.099,374.874,43.3182,13.888,16.51,37.69829777,31.3850817,0.403684144,2.699376792,37.69829777,3.12E+14,4.01E+14,4.07E+13,3.25E+14,4.25E+14,44.89306945,38.71285931,0.86654626,6.024876851,8.72E+14,1.38E+15,4.30E+14,4.51E+15,101.486,102.22,279.62,300.8
01P22PW167,Pratt & Whitney,PW1133G-JM,"TALON X, Block-D",TF,11.58143,38.06983128,147.2799253,1.023,0.839,0.278,0.099,374.874,43.3182,13.888,16.51,37.69829777,31.3850817,0.403684144,2.699376792,37.69829777,3.12E+14,4.01E+14,4.07E+13,3.25E+14,4.25E+14,44.89306945,38.71285931,0.86654626,6.024876851,8.72E+14,1.38E+15,4.30E+14,4.51E+15,101.486,102.22,279.62,300.8
01P22PW168,Pratt & Whitney,PW1215G,"TALON X, Block-C",TF,8.6,29.36,67.662,0.551427622,0.461314552,0.166323931,0.064576827,224.7110746,43.14,13.78,18.35,19.3562613,12.47366677,0.221103496,0.993966983,19.3562613,2.87E+14,2.90E+14,2.68E+13,1.40E+14,3.03E+14,24.23776144,16.56056085,0.383638255,2.066668557,1.01E+15,1.19E+15,1.95E+14,1.06E+15,101.15,102.56,276.5,293.2
01P22PW169,Pratt & Whitney,PW1217G,"TALON X, Block-C",TF,8.33,32.7,75.722,0.633582936,0.52394042,0.183587292,0.069213105,247.8040132,43.14,13.78,18.35,23.01238286,17.76686919,0.173257317,0.790819694,23.01238286,2.35E+14,2.97E+14,2.07E+13,1.21E+14,3.02E+14,27.76748744,22.56749781,0.286786755,1.691833522,7.33E+14,1.09E+15,1.50E+14,9.34E+14,101.15,102.56,276.5,293.2
01P22PW170,Pratt & Whitney,PW1428GH-JM,"TALON X, Block-C",TF,12.11,33.32,132.38,0.87,0.72,0.25,0.09,331.98,43.27,13.84,15.3,80.56252628,49.11890415,6.828468155,8.207279433,80.56252628,8.99E+14,8.65E+14,4.01E+14,7.55E+14,9.62E+14,97.95097063,63.12957847,9.808782372,16.59992809,2.98E+15,3.57E+15,3.15E+15,7.44E+15,100.78,103.02,266.7,277.2
01P22PW171,Pratt & Whitney,PW1428GA-JM,"TALON X, Block-C",TF,12.11,33.32,132.38,0.87,0.72,0.25,0.09,331.98,43.27,13.84,15.3,80.56252628,49.11890415,6.828468155,8.207279433,80.56252628,8.99E+14,8.65E+14,4.01E+14,7.55E+14,9.62E+14,97.95097063,63.12957847,9.808782372,16.59992809,2.98E+15,3.57E+15,3.15E+15,7.44E+15,100.78,103.02,266.7,277.2
01P22PW172,Pratt & Whitney,PW1428G-JM,"TALON X, Block-C",TF,12.11,33.32,132.38,0.87,0.72,0.25,0.09,331.98,43.27,13.84,15.3,80.56252628,49.11890415,6.828468155,8.207279433,80.56252628,8.99E+14,8.65E+14,4.01E+14,7.55E+14,9.62E+14,97.95097063,63.12957847,9.808782372,16.59992809,2.98E+15,3.57E+15,3.15E+15,7.44E+15,100.78,103.02,266.7,277.2
01P22PW173,Pratt & Whitney,PW1431GH-JM,"TALON X, Block-C",TF,11.88,35.59,140.43,0.95,0.78,0.27,0.09,348.06,43.27,13.84,15.3,88.96906414,61.13290525,6.929341844,7.55198919,88.96906414,7.80E+14,9.42E+14,4.17E+14,7.05E+14,9.62E+14,105.8244189,77.14100237,9.870488946,15.3737578,2.10E+15,3.74E+15,3.28E+15,6.96E+15,100.78,103.02,266.7,277.2
01P22PW174,Pratt & Whitney,PW1431GA-JM,"TALON X, Block-C",TF,11.88,35.59,140.43,0.95,0.78,0.27,0.09,348.06,43.27,13.84,15.3,88.96906414,61.13290525,6.929341844,7.55198919,88.96906414,7.80E+14,9.42E+14,4.17E+14,7.05E+14,9.62E+14,105.8244189,77.14100237,9.870488946,15.3737578,2.10E+15,3.74E+15,3.28E+15,6.96E+15,100.78,103.02,266.7,277.2
01P22PW175,Pratt & Whitney,PW1431G-JM,"TALON X, Block-C",TF,11.88,35.59,140.43,0.95,0.78,0.27,0.09,348.06,43.27,13.84,15.3,88.96906414,61.13290525,6.929341844,7.55198919,88.96906414,7.80E+14,9.42E+14,4.17E+14,7.05E+14,9.62E+14,105.8244189,77.14100237,9.870488946,15.3737578,2.10E+15,3.74E+15,3.28E+15,6.96E+15,100.78,103.02,266.7,277.2
01P22PW176,Pratt & Whitney,PW1428GH-JM,"TALON X, Block-D",TF,12.10196686,33.32,132.3829011,0.87,0.72,0.25,0.09,331.98,43.3182,13.888,16.51,32.42501175,24.46203049,0.274937094,3.125373019,32.42501175,3.84E+14,4.19E+14,3.26E+13,3.76E+14,4.22E+14,39.75583854,30.9594708,0.594078647,6.823231087,1.19E+15,1.45E+15,3.02E+14,3.72E+15,101.486,102.22,279.62,300.8
01P22PW177,Pratt & Whitney,PW1428GA-JM,"TALON X, Block-D",TF,12.10196686,33.32,132.3829011,0.87,0.72,0.25,0.09,331.98,43.3182,13.888,16.51,32.42501175,24.46203049,0.274937094,3.125373019,32.42501175,3.84E+14,4.19E+14,3.26E+13,3.76E+14,4.22E+14,39.75583854,30.9594708,0.594078647,6.823231087,1.19E+15,1.45E+15,3.02E+14,3.72E+15,101.486,102.22,279.62,300.8
01P22PW178,Pratt & Whitney,PW1428G-JM,"TALON X, Block-D",TF,12.10196686,33.32,132.3829011,0.87,0.72,0.25,0.09,331.98,43.3182,13.888,16.51,32.42501175,24.46203049,0.274937094,3.125373019,32.42501175,3.84E+14,4.19E+14,3.26E+13,3.76E+14,4.22E+14,39.75583854,30.9594708,0.594078647,6.823231087,1.19E+15,1.45E+15,3.02E+14,3.72E+15,101.486,102.22,279.62,300.8
01P22PW179,Pratt & Whitney,PW1431GH-JM,"TALON X, Block-D",TF,11.86459923,35.59,140.4385926,0.95,0.78,0.27,0.09,348.06,43.3182,13.888,16.51,35.42727586,28.47144838,0.340128758,2.844453896,35.42727586,3.45E+14,4.20E+14,3.65E+13,3.43E+14,4.24E+14,42.81473207,35.50860959,0.704750358,6.210148478,9.96E+14,1.38E+15,3.18E+14,3.40E+15,101.486,102.22,279.62,300.8
01P22PW180,Pratt & Whitney,PW1431GA-JM,"TALON X, Block-D",TF,11.86459923,35.59,140.4385926,0.95,0.78,0.27,0.09,348.06,43.3182,13.888,16.51,35.42727586,28.47144838,0.340128758,2.844453896,35.42727586,3.45E+14,4.20E+14,3.65E+13,3.43E+14,4.24E+14,42.81473207,35.50860959,0.704750358,6.210148478,9.96E+14,1.38E+15,3.18E+14,3.40E+15,101.486,102.22,279.62,300.8
01P22PW181,Pratt & Whitney,PW1431G-JM,"TALON X, Block-D",TF,11.86459923,35.59,140.4385926,0.95,0.78,0.27,0.09,348.06,43.3182,13.888,16.51,35.42727586,28.47144838,0.340128758,2.844453896,35.42727586,3.45E+14,4.20E+14,3.65E+13,3.43E+14,4.24E+14,42.81473207,35.50860959,0.704750358,6.210148478,9.96E+14,1.38E+15,3.18E+14,3.40E+15,101.486,102.22,279.62,300.8
01P20PW182,Pratt & Whitney,PW1525G,"TALON X, Block-C",TF,11.05,38.67,108.53,0.7879,0.6489,0.2286,0.076,292.1706,43.21,13.975,18.1,12.9,8.05,0.218,0.522,12.9,1.88E+14,1.90E+14,1.37E+13,7.10E+13,2.02E+14,16.191153,10.94987967,0.210173615,0.69088507,6.99E+14,9.00E+14,5.92E+13,6.07E+14,101.97,103.29,272,278.1
01P20PW183,Pratt & Whitney,PW1524G,"TALON X, Block-C",TF,11.05,38.67,108.53,0.7879,0.6489,0.2286,0.076,292.1706,43.21,13.975,18.1,12.9,8.05,0.218,0.522,12.9,1.88E+14,1.90E+14,1.37E+13,7.10E+13,2.02E+14,16.191153,10.94987967,0.210173615,0.69088507,6.99E+14,9.00E+14,5.92E+13,6.07E+14,101.97,103.29,272,278.1
01P20PW184,Pratt & Whitney,PW1521G,"TALON X, Block-C",TF,11.37,35.11,97.72,0.6949,0.5755,0.2078,0.0707,265.3158,43.21,13.975,18.1,9.801856736,4.814401305,0.185283432,0.638870291,9.801856736,1.94E+14,1.63E+14,1.57E+13,8.03E+13,1.94E+14,12.94346216,6.969231663,0.206711848,0.796881317,8.53E+14,9.73E+14,6.26E+13,6.89E+14,101.97,103.29,272,278.1
01P20PW185,Pratt & Whitney,PW1521GA,"TALON X, Block-C",TF,11.37,35.11,97.72,0.6949,0.5755,0.2078,0.0707,265.3158,43.21,13.975,18.1,9.801856736,4.814401305,0.185283432,0.638870291,9.801856736,1.94E+14,1.63E+14,1.57E+13,8.03E+13,1.94E+14,12.94346216,6.969231663,0.206711848,0.796881317,8.53E+14,9.73E+14,6.26E+13,6.89E+14,101.97,103.29,272,278.1
01P20PW186,Pratt & Whitney,PW1519G,"TALON X, Block-C",TF,11.64,32.28,87.96,0.6227,0.5204,0.1911,0.06726,245.6358,43.21,13.975,18.1,6.291463573,2.536074847,0.135814194,0.758105758,6.291463573,1.77E+14,1.18E+14,1.82E+13,1.04E+14,1.77E+14,8.782869685,3.994769945,0.193155117,0.904539535,8.99E+14,7.73E+14,8.66E+13,8.42E+14,101.97,103.29,272,278.1
01P20PW187,Pratt & Whitney,PW1919G,"TALON X, Block-C",TF,11.6,33.3,92.79,0.6498,0.5402,0.1966,0.0679,251.7330168,43.21,13.975,18.1,8.060577247,3.58264516,0.168605807,0.761382784,8.060577247,1.87E+14,1.40E+14,1.69E+13,9.01E+13,1.87E+14,10.91309685,5.375078022,0.201399678,0.849937693,8.76E+14,8.34E+14,7.90E+13,7.87E+14,101.97,103.29,272,278.1
01P20PW188,Pratt & Whitney,PW1921G,"TALON X, Block-C",TF,11.4,35.76,100.307372,0.7145,0.5899,0.2112,0.0717,270.3852714,43.21,13.975,18.1,10.72718927,5.574405366,0.208602957,0.660428444,10.72718927,1.99E+14,1.75E+14,1.50E+13,7.81E+13,1.99E+14,14.00353332,7.908465892,0.208556745,0.7705316,8.23E+14,9.25E+14,6.72E+13,7.01E+14,101.97,103.29,272,278.1
01P20PW189,Pratt & Whitney,PW1922G,"TALON X, Block-C",TF,11.2,37.7,105.934371,0.7646,0.6305,0.2224,0.0745,284.9329086,43.21,13.975,18.1,12.3906,7.2769,0.2296,0.5905,12.3906,1.94E+14,1.87E+14,1.40E+13,7.33E+13,2.02E+14,15.7562,10.0045,0.2127,0.7153,7.45E+14,9.18E+14,6.07E+13,6.37E+14,101.97,103.29,272,278.1
01P20PW190,Pratt & Whitney,PW1923G-A,"TALON X, Block-C",TF,11.2,37.7,105.934371,0.7646,0.6305,0.2224,0.0745,284.9329086,43.21,13.975,18.1,12.3906,7.2769,0.2296,0.5905,12.3906,1.94E+14,1.87E+14,1.40E+13,7.33E+13,2.02E+14,15.7562,10.0045,0.2127,0.7153,7.45E+14,9.18E+14,6.07E+13,6.37E+14,101.97,103.29,272,278.1
01P20PW191,Pratt & Whitney,PW1923G,"TALON X, Block-C",TF,11.2,37.7,105.934371,0.7646,0.6305,0.2224,0.0745,284.9329086,43.21,13.975,18.1,12.3906,7.2769,0.2296,0.5905,12.3906,1.94E+14,1.87E+14,1.40E+13,7.33E+13,2.02E+14,15.7562,10.0045,0.2127,0.7153,7.45E+14,9.18E+14,6.07E+13,6.37E+14,101.97,103.29,272,278.1
01P11PJ003,PowerJet S.A.,SaM146-1S17,,MTF,4.44,21.84,69.2,0.791,0.653,0.228,0.097,326,43.1,13.77,17.87,163,109,2.57,1.74,163,1.13E+15,1.08E+15,1.22E+14,5.71E+13,1.15E+15,191,132,4.09,2.52,2.92E+15,3.15E+15,7.28E+14,2.85E+14,99.3,100.4,286.4,299.2
01P11PJ004,PowerJet S.A.,SaM146-1S18,,MTF,4.38,22.8,72.7,0.841,0.691,0.238,0.1,339,43.1,13.77,17.87,166,124,2.68,1.65,166,1.03E+15,1.09E+15,1.30E+14,5.23E+13,1.11E+15,193,149,4.29,2.38,2.58E+15,3.05E+15,7.85E+14,2.56E+14,99.3,100.4,286.4,299.2
01P10IA019,International Aero Engines,V2522-A5,Floatwall,MTF,4.9,25.7,102.5,0.971418222,0.814906778,0.309693864,0.129555812,424.8008545,43.22,13.83,16.6,279.1137231,372.0247396,211.4279192,77.75083325,448.8712266,1.25E+15,1.57E+15,2.24E+15,1.67E+15,2.87E+15,316.522067,420.7743729,256.2993847,103.2660186,2.97E+15,3.71E+15,7.18E+15,7.16E+15,100.89,101.62,275.8,278.2
01P10IA020,International Aero Engines,V2524-A5,Floatwall,MTF,4.8,27,108.9,1.04,0.867,0.326,0.133,443.844,43.22,13.83,16.6,239.2890122,340.22943,235.4485758,72.94054072,448.7107136,1.10E+15,1.44E+15,2.37E+15,1.61E+15,2.87E+15,271.7689101,384.8450851,283.9402293,97.30546303,2.64E+15,3.39E+15,7.41E+15,6.97E+15,100.89,101.62,275.8,278.2
01P10IA021,International Aero Engines,V2527-A5,Floatwall,MTF,4.8,27.1,110.3,1.049,0.873,0.328,0.134,447.054,43.22,13.83,16.6,230.6808641,333.0141631,240.7689466,71.94211703,448.7856741,1.06E+15,1.42E+15,2.40E+15,1.59E+15,2.87E+15,262.0180973,376.7525306,290.0454067,96.06767896,2.56E+15,3.34E+15,7.45E+15,6.93E+15,100.89,101.62,275.8,278.2
01P10IA022,International Aero Engines,V2527-A5E,Floatwall,MTF,4.8,27.1,110.3,1.049,0.873,0.328,0.134,447.054,43.22,13.83,16.6,230.6808641,333.0141631,240.7689466,71.94211703,448.7856741,1.06E+15,1.42E+15,2.40E+15,1.59E+15,2.87E+15,262.0180973,376.7525306,290.0454067,96.06767896,2.56E+15,3.34E+15,7.45E+15,6.93E+15,100.89,101.62,275.8,278.2
01P10IA023,International Aero Engines,V2527-A5M,Floatwall,MTF,4.8,27.1,110.3,1.049,0.873,0.328,0.134,447.054,43.22,13.83,16.6,230.6808641,333.0141631,240.7689466,71.94211703,448.7856741,1.06E+15,1.42E+15,2.40E+15,1.59E+15,2.87E+15,262.0180973,376.7525306,290.0454067,96.06767896,2.56E+15,3.34E+15,7.45E+15,6.93E+15,100.89,101.62,275.8,278.2
01P10IA024,International Aero Engines,V2530-A5,Floatwall,MTF,4.6,32,133,1.314438805,1.070859775,0.384946395,0.144651446,514.6033112,43.22,13.83,16.6,114.1180318,215.4318952,320.5233197,59.22484659,450.2573268,3.39E+14,9.91E+14,2.73E+15,1.42E+15,2.87E+15,126.9279601,244.6434546,380.5993535,80.25515326,7.26E+14,2.38E+15,7.97E+15,6.37E+15,100.89,101.62,275.8,278.2
01P10IA025,International Aero Engines,V2533-A5,Floatwall,MTF,4.5,33.7,140.6,1.43325469,1.142302156,0.4046064,0.146995995,537.3998697,43.22,13.83,16.6,96.74543402,178.4593701,343.9309743,56.24751537,450.6436162,5.07E+14,7.71E+14,2.80E+15,1.38E+15,2.88E+15,110.4164503,201.9522221,406.7420717,76.52709266,1.23E+15,1.83E+15,8.03E+15,6.22E+15,100.89,101.62,275.8,278.2
01P14IA026,International Aero Engines,V2531-E5,Floatwall,MTF,4.53,32.29,134.77,1.329005974,1.079024461,0.391451043,0.143950516,516.7605351,43.22,13.83,16.6,108.3262696,206.5187975,326.2030159,58.46995776,450.352093,3.30E+14,9.43E+14,2.75E+15,1.41E+15,2.87E+15,120.5622505,234.4265108,386.9647867,79.31161521,7.10E+14,2.26E+15,7.99E+15,6.34E+15,100.89,101.62,275.8,278.2
01P14HN011,Honeywell,AS907-2-1A (HTF7350),SABER-1,MTF,4.2,22.88,33,0.373,0.309,0.107,0.048,157.6,43.05,13.66,16.7,280.7,295.2,6.6,10.5,300.9,1.27E+15,1.99E+15,2.96E+14,5.67E+14,2.18E+15,331.7,348.9,11,19,3.58E+15,5.74E+15,2.28E+15,5.03E+15,96.6,97.5,289,300
01P11HN012,Honeywell,AS907-2-1G (HTF7250G),SABER-1,MTF,4.2,22.58,32.86,0.372,0.308,0.107,0.049,159,43.05,13.66,16.7,289.7,290.3,6.5,9.9,301.1,1.41E+15,2.05E+15,2.95E+14,5.38E+14,2.18E+15,342.2,343.8,11,18,3.99E+15,5.98E+15,2.28E+15,4.76E+15,96.6,97.5,289,300
01P18HN013,Honeywell,AS907-2-1S (HTF7700L),SABER-1,MTF,4.2,23.29,34.03,0.386,0.319,0.109,0.048,159,43.05,13.66,16.7,279.3,299.1,7.7,9.8,299.6,1.04E+15,1.84E+15,3.25E+14,5.32E+14,2.17E+15,329.5,352.9,12.8,17.8,2.90E+15,5.26E+15,2.46E+15,4.71E+15,96.6,97.5,289,300
01P14HN014,Honeywell,AS907-3-1E-A1 (HTF7500E),SABER-1,MTF,4.2,21.05,29.4,0.32,0.267,0.097,0.048,147,43.05,13.66,16.7,304.3,255.6,4.8,11.4,304.3,1.94E+15,2.20E+15,2.47E+14,6.16E+14,2.20E+15,359.1,308.2,8.2,20.7,5.55E+15,6.98E+15,1.97E+15,5.47E+15,96.6,97.5,289,300
01P14HN015,Honeywell,AS907-3-1E-A2 (HTF7500E),SABER-1,MTF,4.2,22.3,31.61,0.349,0.289,0.102,0.049,154,43.05,13.66,16.7,300,280.6,6.1,9.9,302.8,1.62E+15,2.13E+15,2.85E+14,5.39E+14,2.19E+15,354,333.9,10.3,18,4.58E+15,6.36E+15,2.21E+15,4.77E+15,96.6,97.5,289,300
01P14HN016,Honeywell,AS907-3-1E-A3 (HTF7500E),SABER-1,MTF,4.2,23.57,33.83,0.378,0.312,0.108,0.05,161,43.05,13.66,16.7,278.5,295,7.9,8.7,299.8,1.25E+15,1.97E+15,3.29E+14,4.74E+14,2.17E+15,329.1,348.5,13.1,15.8,3.52E+15,5.68E+15,2.49E+15,4.19E+15,96.6,97.5,289,300
01P02GE186,General Electric Company,CF6-80C2B1F,LEC,TF,5.1,30.55,254.26,2.416549056,2.056622833,0.644598361,0.19527475,832.301491,43.21,13.65,17.5,34.92245132,18.27513659,1.299565085,1.230754203,34.92245132,2.36E+14,2.39E+14,3.96E+13,6.54E+13,2.47E+14,40.69772192,23.39452846,1.935545277,2.15154642,6.00E+14,9.25E+14,2.48E+14,5.99E+14,97.63,97.77,284.8,290.6
01P03GE187,General Electric Company,CF6-80C2B5F,LEC,TF,5.1,32.04,267.03,2.585569667,2.094119222,0.677110722,0.200823778,860.80933,43.21,13.65,17.5,38.5816496,22.55681641,1.312637012,1.201699495,38.5816496,2.16E+14,2.43E+14,4.21E+13,6.09E+13,2.46E+14,44.48376945,28.01828376,1.968563368,2.06043415,5.13E+14,8.36E+14,2.69E+14,5.34E+14,97.63,97.77,284.8,290.6
01P02GE188,General Electric Company,CF6-80C2B6F,LEC,TF,5.1,32.04,267.03,2.585592333,2.094118472,0.677131444,0.200827056,860.8202697,43.21,13.65,17.5,38.58177921,22.55501662,1.31264469,1.20168799,38.58177921,2.16E+14,2.43E+14,4.21E+13,6.09E+13,2.46E+14,44.48391804,28.01637997,1.968580723,2.060397325,5.13E+14,8.36E+14,2.69E+14,5.34E+14,97.63,97.77,284.8,290.6
01P05GE189,General Electric Company,CF34-3B/-3B1,SAC,TF,6.25,19.20807888,41.01260329,0.40358167,0.332816681,0.121465349,0.047661449,164.3857764,43.140322,13.7275,17.225,208.6197238,72.4460091,0.505489429,1.834718583,208.6197238,1.71E+15,1.05E+15,3.79E+13,2.07E+14,1.71E+15,255.6291683,93.99843984,1.081908576,4.236916916,5.78E+15,4.40E+15,4.75E+14,3.14E+15,100.8,101.7,280.3,284.1
01P08GE190,General Electric Company,CF34-8C5,LEC,TF,5.13,23.9452234,59.42824078,0.645232041,0.527635711,0.179577847,0.0626164,237.5279263,43.18921646,13.67166667,17.51666667,26.98715841,3.560443994,0.967500741,1.460137154,26.98715841,2.76E+14,6.60E+13,1.83E+12,2.31E+12,2.76E+14,33.5552745,4.489287035,1.086329002,1.692453478,9.55E+14,2.37E+14,3.21E+12,5.50E+12,98.1,98.6,290.7,296.3
01P08GE191,General Electric Company,CF34-8C5A1,LEC,TF,5.13,24.33879608,60.62926062,0.661969243,0.540531613,0.182841734,0.063299576,241.7822352,43.18921646,13.67166667,17.51666667,33.15478659,4.447782362,1.016245077,1.362597029,33.15478659,3.13E+14,8.09E+13,1.85E+12,2.07E+12,3.13E+14,40.97218871,5.616750465,1.139003777,1.576983878,1.06E+15,2.92E+14,3.24E+12,4.74E+12,98.1,98.6,290.7,296.3
01P08GE192,General Electric Company,CF34-8C5B1,LEC,TF,5.13,22.92098964,56.35896787,0.603445228,0.495319321,0.171283341,0.060872284,226.795615,43.18921646,13.67166667,17.51666667,14.54272654,2.513451228,0.866571604,1.816475518,14.54272654,1.86E+14,3.77E+13,1.74E+12,3.05E+12,1.86E+14,18.29554053,3.14666778,0.978257405,2.116289204,6.71E+14,1.30E+14,3.06E+12,8.07E+12,98.1,98.6,290.7,296.3
01P08GE193,General Electric Company,CF34-8C5A2,LEC,TF,5.13,24.94007048,62.49751369,0.688446479,0.560878085,0.187939526,0.064363076,248.4625433,43.18921646,13.67166667,17.51666667,43.94228711,6.549976175,1.097673077,1.250967251,43.94228711,3.72E+14,1.09E+14,1.87E+12,1.74E+12,3.72E+14,53.73221292,8.27824948,1.227244547,1.44503878,1.21E+15,3.95E+14,3.28E+12,3.77E+12,98.1,98.6,290.7,296.3
01P08GE194,General Electric Company,CF34-8C5A3,LEC,TF,5.13,25.57957652,64.54369564,0.718074051,0.583569347,0.193551967,0.065528957,255.8679089,43.18921646,13.67166667,17.51666667,56.87378263,10.06094508,1.189524613,1.177670075,56.87378263,4.34E+14,1.46E+14,1.88E+12,1.44E+12,4.34E+14,68.71287767,12.69760309,1.326996624,1.35835035,1.33E+15,5.29E+14,3.29E+12,2.95E+12,98.1,98.6,290.7,296.3
01P08GE195,General Electric Company,CF34-8E2,LEC,TF,5.13,22.53012453,55.20243025,0.588059466,0.483375987,0.16817502,0.060215742,222.8026899,43.18921646,13.67166667,17.51666667,11.14260553,2.434939744,0.841050749,1.996253736,11.14260553,1.56E+14,3.01E+13,1.69E+12,3.39E+12,1.56E+14,14.05477574,3.037089346,0.951640642,2.331391991,5.68E+14,1.03E+14,2.98E+12,9.32E+12,98.1,98.6,290.7,296.3
01P08GE196,General Electric Company,CF34-8E2A1,LEC,TF,5.13,23.85712592,59.16134748,0.641542455,0.524789274,0.178853939,0.062464636,236.5867448,43.18921646,13.67166667,17.51666667,25.71047723,3.405651786,0.957224345,1.484793684,25.71047723,2.67E+14,6.30E+13,1.83E+12,2.37E+12,2.67E+14,32.00825248,4.292208798,1.075246598,1.721676493,9.31E+14,2.25E+14,3.20E+12,5.69E+12,98.1,98.6,290.7,296.3
01P08GE197,General Electric Company,CF34-8E5,LEC,TF,5.13,24.03310019,59.69513408,0.648932422,0.530489149,0.180302263,0.062768183,238.4706375,43.18921646,13.67166667,17.51666667,28.29895818,3.729933114,0.977997175,1.436590074,28.29895818,2.84E+14,6.91E+13,1.84E+12,2.25E+12,2.84E+14,35.14059479,4.704908045,1.097658114,1.664558767,9.79E+14,2.48E+14,3.22E+12,5.33E+12,98.1,98.6,290.7,296.3
01P08GE198,General Electric Company,CF34-8E5A1,LEC,TF,5.13,24.94007048,62.49751369,0.688446479,0.560878085,0.187939526,0.064363076,248.4625433,43.18921646,13.67166667,17.51666667,43.94228711,6.549976175,1.097673077,1.250967251,43.94228711,3.72E+14,1.09E+14,1.87E+12,1.74E+12,3.72E+14,53.73221292,8.27824948,1.227244547,1.44503878,1.21E+15,3.95E+14,3.28E+12,3.77E+12,98.1,98.6,290.7,296.3
01P08GE199,General Electric Company,CF34-8E5A2,LEC,TF,5.13,25.57957652,64.54369564,0.718074051,0.583569347,0.193551967,0.065528957,255.8679089,43.18921646,13.67166667,17.51666667,56.87378263,10.06094508,1.189524613,1.177670075,56.87378263,4.34E+14,1.46E+14,1.88E+12,1.44E+12,4.34E+14,68.71287767,12.69760309,1.326996624,1.35835035,1.33E+15,5.29E+14,3.29E+12,2.95E+12,98.1,98.6,290.7,296.3
01P08GE200,General Electric Company,CF34-8E6,LEC,TF,5.13,24.03310019,59.69513408,0.648932422,0.530489149,0.180302263,0.062768183,238.4706375,43.18921646,13.67166667,17.51666667,28.29895818,3.729933114,0.977997175,1.436590074,28.29895818,2.84E+14,6.91E+13,1.84E+12,2.25E+12,2.84E+14,35.14059479,4.704908045,1.097658114,1.664558767,9.79E+14,2.48E+14,3.22E+12,5.33E+12,98.1,98.6,290.7,296.3
01P08GE201,General Electric Company,CF34-8E6A1,LEC,TF,5.13,24.94007048,62.49751369,0.688446479,0.560878085,0.187939526,0.064363076,248.4625433,43.18921646,13.67166667,17.51666667,43.94228711,6.549976175,1.097673077,1.250967251,43.94228711,3.72E+14,1.09E+14,1.87E+12,1.74E+12,3.72E+14,53.73221292,8.27824948,1.227244547,1.44503878,1.21E+15,3.95E+14,3.28E+12,3.77E+12,98.1,98.6,290.7,296.3
01P11GE202,General Electric Company,CF34-10A16/16-B,SAC,TF,5.7,25.42511548,76.95423394,0.788575926,0.649919731,0.222143785,0.084246182,303.6481451,43.07965217,13.735,19.06666667,55.81301361,33.1541778,1.636618663,12.91740973,55.81301361,4.57E+14,4.00E+14,9.31E+13,6.50E+14,6.50E+14,66.92840036,41.06338816,2.954905711,22.23839374,1.34E+15,1.36E+15,9.08E+14,5.71E+15,98.1,98.6,293.2,298.4
01P08GE203,General Electric Company,CF34-10E2A1,SAC,TF,5.09,25.01492694,75.44183859,0.769908241,0.635030659,0.218291885,0.083499187,298.8089766,43.07965217,13.735,19.06666667,52.00956772,31.32339119,1.641522515,13.41632476,52.00956772,4.50E+14,3.93E+14,9.30E+13,6.73E+14,6.73E+14,62.51293341,39.02495797,2.968139294,23.09965379,1.33E+15,1.37E+15,9.10E+14,5.92E+15,98.1,98.6,293.2,298.4
01P17GE204,General Electric Company,GEnx-1B54/P2,TAPS,TF,9.3928,35.93995604,255.3279697,1.886566515,1.552672087,0.517952156,0.178413022,686.8213416,43.15346391,13.79333333,17.68333333,1.655951876,1.610743235,2.271678837,2.436627856,6.873217301,79425443595,76740548058,3.51E+13,3.05E+13,1.91E+14,2.215423707,2.157710629,2.983099623,3.135641651,1.10E+11,1.06E+11,1.50E+14,1.20E+14,97.4,98.2,289.9,297.9
01P17GE205,General Electric Company,GEnx-1B58/P2,TAPS,TF,9.2336,37.99154866,271.3371223,2.031590095,1.669472138,0.548305049,0.183793133,724.007605,43.15346391,13.79333333,17.68333333,1.655318275,1.651411315,2.505173435,2.37936062,6.873217301,78555315549,78049541560,4.52E+13,2.64E+13,1.91E+14,2.216369619,2.214849936,3.348073969,3.01920888,1.08E+11,1.08E+11,2.05E+14,9.85E+13,97.4,98.2,289.9,297.9
01P17GE206,General Electric Company,GEnx-1B64/P2,TAPS,TF,8.9854,41.42720078,298.0309054,2.279679954,1.868548816,0.599926388,0.19295318,787.3842954,43.15346391,13.79333333,17.68333333,1.696732903,1.654021079,3.015519183,2.31476497,6.873217301,76308508553,79330181069,6.59E+13,2.18E+13,1.91E+14,2.28551852,2.213036017,4.147889024,2.883454598,1.05E+11,1.10E+11,3.28E+14,7.55E+13,97.4,98.2,289.9,297.9
01P17GE207,General Electric Company,GEnx-1B67/P2,TAPS,TF,8.8917,42.8037752,308.7066393,2.381360258,1.950195453,0.620476645,0.19653152,812.9464967,43.15346391,13.79333333,17.68333333,1.730959688,1.651442431,3.262123342,2.296277095,6.873217301,76039295062,79057502184,7.55E+13,2.06E+13,1.91E+14,2.33814294,2.209436342,4.536112096,2.843763394,1.05E+11,1.09E+11,3.88E+14,6.96E+13,97.4,98.2,289.9,297.9
01P17GE208,General Electric Company,GEnx-1B70/72/P2,TAPS,TF,8.7863,44.46546316,321.6064844,2.507484153,2.050111786,0.645424229,0.200840648,844.1423161,43.15346391,13.79333333,17.68333333,1.785959889,1.653648165,3.583143725,2.277220225,6.873217301,76792382794,78266551863,8.75E+13,1.95E+13,1.91E+14,2.418960911,2.214774502,5.042448061,2.80293118,1.06E+11,1.08E+11,4.67E+14,6.39E+13,97.4,98.2,289.9,297.9
01P17GE209,General Electric Company,GEnx-1B70/75/P2,TAPS,TF,8.7863,44.46546316,321.6064844,2.507484153,2.050111786,0.645424229,0.200840648,844.1423161,43.15346391,13.79333333,17.68333333,1.785959889,1.653648165,3.583143725,2.277220225,6.873217301,76792382794,78266551863,8.75E+13,1.95E+13,1.91E+14,2.418960911,2.214774502,5.042448061,2.80293118,1.06E+11,1.08E+11,4.67E+14,6.39E+13,97.4,98.2,289.9,297.9
01P17GE210,General Electric Company,GEnx-1B70/P2,TAPS,TF,8.7863,44.46546316,321.6064844,2.507484153,2.050111786,0.645424229,0.200840648,844.1423161,43.15346391,13.79333333,17.68333333,1.785959889,1.653648165,3.583143725,2.277220225,6.873217301,76792382794,78266551863,8.75E+13,1.95E+13,1.91E+14,2.418960911,2.214774502,5.042448061,2.80293118,1.06E+11,1.08E+11,4.67E+14,6.39E+13,97.4,98.2,289.9,297.9
01P17GE211,General Electric Company,GEnx-1B74/75/P2,TAPS,TF,8.6289,47.04101144,341.1786633,2.709458782,2.20382922,0.684092983,0.207669734,892.8498272,43.15346391,13.79333333,17.68333333,1.894367426,1.675008114,4.114368484,2.253074149,6.873217301,81138929286,76746123721,1.07E+14,1.82E+13,1.91E+14,2.568006417,2.251449865,5.879468778,2.752560963,1.12E+11,1.06E+11,5.96E+14,5.78E+13,97.4,98.2,289.9,297.9
01P17GE212,General Electric Company,GEnx-1B75/P2,TAPS,TF,8.5981,47.57313264,345.1865117,2.752172069,2.235832686,0.692169448,0.209206909,903.2045864,43.15346391,13.79333333,17.68333333,1.918753019,1.682381009,4.233917698,2.248688159,6.873217301,82545766313,76484388306,1.11E+14,1.80E+13,1.91E+14,2.59979175,2.263385917,6.067124304,2.743725422,1.14E+11,1.06E+11,6.24E+14,5.69E+13,97.4,98.2,289.9,297.9
01P17GE213,General Electric Company,GEnx-1B76/P2,TAPS,TF,8.5657,48.11205847,349.1854637,2.796271333,2.268088148,0.700283713,0.210794482,913.7385146,43.15346391,13.79333333,17.68333333,1.943859805,1.690851419,4.348439183,2.244448679,6.873217301,84144552859,76260803564,1.15E+14,1.78E+13,1.91E+14,2.631843604,2.276876329,6.246478493,2.735305377,1.16E+11,1.05E+11,6.51E+14,5.60E+13,97.4,98.2,289.9,297.9
01P17GE214,General Electric Company,GEnx-1B76A/P2,TAPS,TF,8.5657,48.11205847,349.1854637,2.796271333,2.268088148,0.700283713,0.210794482,913.7385146,43.15346391,13.79333333,17.68333333,1.943859805,1.690851419,4.348439183,2.244448679,6.873217301,84144552859,76260803564,1.15E+14,1.78E+13,1.91E+14,2.631843604,2.276876329,6.246478493,2.735305377,1.16E+11,1.05E+11,6.51E+14,5.60E+13,97.4,98.2,289.9,297.9
01P17GE215,General Electric Company,GEnx-2B67/P,TAPS,TF,7.9872,43.54547867,299.8101369,2.452926901,2.008658345,0.641946644,0.218807934,863.5734027,43.15346391,13.79333333,17.68333333,1.742179848,1.65129712,3.456793329,2.286689449,6.873217301,76091459693,78928798725,8.28E+13,2.00E+13,1.91E+14,2.354960918,2.209505935,4.843093743,2.82317139,1.05E+11,1.09E+11,4.36E+14,6.66E+13,97.4,98.2,289.9,297.9
01P21GE216,General Electric Company,GE90-110B1,DAC,TF,7.34,40.36,492.6,4.226111111,3.375,1.028611111,0.333611111,1390.296667,43.49,13.65,16.4,12.47515318,9.535853362,6.947401033,5.756810738,12.47515318,9.15E+13,1.10E+14,1.40E+14,1.75E+14,1.75E+14,14.73967025,11.7016207,9.21594604,8.206674824,2.60E+14,3.71E+14,6.37E+14,9.87E+14,97.97,98.32,295.9,298.7
01P21GE217,General Electric Company,GE90-115B,DAC,TF,7.08,42.94,513.9,4.599722222,3.566111111,1.073055556,0.341111111,1453.581667,43.49,13.65,16.4,14.94023753,9.656871371,7.31967136,5.314780514,14.94023753,8.94E+13,1.03E+14,1.43E+14,1.63E+14,1.63E+14,17.37502413,11.75946331,9.677353788,7.59219967,2.33E+14,3.36E+14,6.44E+14,9.25E+14,97.97,98.32,295.9,298.7
01P08CM102,CFM International,CFM56-5B1/3,Tech Insertion,TF,5.5,30.2,133.4,1.318,1.063,0.347,0.108,448,43.27,13.83,18.7,78.7,53.4,1.94,0.73,78.7,3.84E+14,4.27E+14,7.87E+13,2.42E+13,4.34E+14,90.5,63.5,2.97,1.06,9.10E+14,1.18E+15,4.37E+14,1.20E+14,99.5,100.2,295.5,311.8
01P08CM103,CFM International,CFM56-5B2/3,Tech Insertion,TF,5.5,31.3,137.9,1.385,1.107,0.358,0.111,463,43.27,13.83,18.7,84.2,58,2.11,0.72,84.2,3.66E+14,4.22E+14,8.49E+13,2.22E+13,4.34E+14,96,68.4,3.23,1.03,8.42E+14,1.13E+15,4.72E+14,1.07E+14,99.5,100.2,295.5,311.8
01P08CM104,CFM International,CFM56-5B3/3,Tech Insertion,TF,5.4,32.6,142.3,1.462,1.153,0.369,0.113,478,43.27,13.83,18.7,88.5,62.7,2.31,0.71,88.5,3.40E+14,4.15E+14,9.14E+13,2.04E+13,4.34E+14,100,73.4,3.51,0.99,7.58E+14,1.07E+15,5.05E+14,9.47E+13,99.5,100.2,295.5,311.8
01P08CM105,CFM International,CFM56-5B4/3,Tech Insertion,TF,5.7,27.3,120.1,1.142,0.939,0.316,0.102,407,43.27,13.83,18.7,61.3,41.4,1.47,0.77,61.3,4.16E+14,4.33E+14,6.18E+13,3.18E+13,4.33E+14,71.7,50.5,2.26,1.18,1.09E+15,1.32E+15,3.49E+14,1.77E+14,99.5,100.2,295.5,311.8
01P08CM106,CFM International,CFM56-5B5/3,Tech Insertion,TF,6,23.1,97.9,0.894,0.743,0.264,0.092,343,43.27,13.83,18.7,37.6,26.3,0.96,0.89,37.6,4.29E+14,3.88E+14,3.98E+13,5.30E+13,4.29E+14,46.2,33.1,1.48,1.53,1.34E+15,1.34E+15,2.25E+14,3.61E+14,99.5,100.2,295.5,311.8
01P08CM107,CFM International,CFM56-5B6/3,Tech Insertion,TF,5.9,24.3,104.5,0.965,0.8,0.28,0.095,361,43.27,13.83,18.7,43.5,30.8,1.08,0.84,43.5,4.31E+14,4.13E+14,4.57E+13,4.52E+13,4.31E+14,52.6,38.5,1.67,1.39,1.28E+15,1.38E+15,2.60E+14,2.92E+14,99.5,100.2,295.5,311.8
01P08CM108,CFM International,CFM56-5B7/3,Tech Insertion,TF,5.7,27.3,120.1,1.142,0.939,0.316,0.102,407,43.27,13.83,18.7,61.3,41.4,1.47,0.77,61.3,4.16E+14,4.33E+14,6.18E+13,3.18E+13,4.33E+14,71.7,50.5,2.26,1.18,1.09E+15,1.32E+15,3.49E+14,1.77E+14,99.5,100.2,295.5,311.8
01P08CM109,CFM International,CFM56-5B8/3,Tech Insertion,TF,6,22.7,96.1,0.875,0.727,0.26,0.091,338,43.27,13.83,18.7,36.2,25,0.93,0.9,36.2,4.27E+14,3.78E+14,3.83E+13,5.55E+13,4.27E+14,44.5,31.8,1.43,1.56,1.35E+15,1.32E+15,2.17E+14,3.85E+14,99.5,100.2,295.5,311.8
01P08CM110,CFM International,CFM56-5B9/3,Tech Insertion,TF,5.9,24.2,103.6,0.955,0.793,0.277,0.095,359,43.27,13.83,18.7,42.7,30.3,1.06,0.85,42.7,4.31E+14,4.11E+14,4.49E+13,4.61E+13,4.31E+14,51.7,37.9,1.64,1.42,1.29E+15,1.38E+15,2.55E+14,3.00E+14,99.5,100.2,295.5,311.8
01P22FC001,CFM International,CFM56-7B26/3 (Research Measurement),Tech Insertion,TF,5.1,27.7,117,1.213,0.986,0.331,0.108,429,43.3,13.98,17.7,69.1,46.7,1.1,1.8,69.1,4.52E+14,4.29E+14,7.14E+13,2.67E+13,4.52E+14,78.8,55.1,1.6,2.8,1.12E+15,1.28E+15,4.51E+14,1.79E+14,96.61,96.87,294.7,302.9
01P11CM111,CFM International,CFM56-7B20E,Tech Insertion,TF,5.5,22.4,91.6,0.896,0.746,0.268,0.094,348,43.27,13.83,18.7,33.5,22.7,0.95,0.91,33.5,4.22E+14,3.60E+14,3.93E+13,5.63E+13,4.20E+14,41.5,29.1,1.46,1.56,1.38E+15,1.29E+15,2.22E+14,3.81E+14,99.5,100.2,295.5,311.8
01P11CM112,CFM International,CFM56-7B22E,Tech Insertion,TF,5.3,24.2,101,1.004,0.832,0.291,0.099,377,43.27,13.83,18.7,41.5,29.3,1.13,0.83,41.5,4.31E+14,4.07E+14,4.79E+13,4.38E+13,4.31E+14,50.6,36.9,1.75,1.34,1.32E+15,1.38E+15,2.73E+14,2.69E+14,99.5,100.2,295.5,311.8
01P11CM113,CFM International,CFM56-7B22E/B1,Tech Insertion,TF,5.3,24.2,101,1.004,0.832,0.291,0.099,377,43.27,13.83,18.7,41.5,29.3,1.13,0.83,41.5,4.31E+14,4.07E+14,4.79E+13,4.38E+13,4.31E+14,50.6,36.9,1.75,1.34,1.32E+15,1.38E+15,2.73E+14,2.69E+14,99.5,100.2,295.5,311.8
01P11CM114,CFM International,CFM56-7B24E,Tech Insertion,TF,5.3,25.6,107.6,1.086,0.895,0.308,0.103,398,43.27,13.83,18.7,48.6,33.6,1.29,0.8,48.6,4.28E+14,4.24E+14,5.46E+13,3.69E+13,4.31E+14,58.3,41.7,2,1.24,1.24E+15,1.39E+15,3.10E+14,2.12E+14,99.5,100.2,295.5,311.8
01P11CM115,CFM International,CFM56-7B24E/B1,Tech Insertion,TF,5.3,25.6,107.6,1.086,0.895,0.308,0.103,398,43.27,13.83,18.7,48.6,33.6,1.29,0.8,48.6,4.28E+14,4.24E+14,5.46E+13,3.69E+13,4.31E+14,58.3,41.7,2,1.24,1.24E+15,1.39E+15,3.10E+14,2.12E+14,99.5,100.2,295.5,311.8
01P11CM116,CFM International,CFM56-7B26E,Tech Insertion,TF,5.1,27.7,117,1.213,0.986,0.331,0.108,429,43.27,13.83,18.7,61.8,40.3,1.57,0.75,61.8,4.15E+14,4.33E+14,6.54E+13,2.95E+13,4.33E+14,72.3,49.2,2.42,1.11,1.10E+15,1.34E+15,3.69E+14,1.54E+14,99.5,100.2,295.5,311.8
01P11CM117,CFM International,CFM56-7B26E/B1,Tech Insertion,TF,5.1,27.7,117,1.213,0.986,0.331,0.108,429,43.27,13.83,18.7,61.8,40.3,1.57,0.75,61.8,4.15E+14,4.33E+14,6.54E+13,2.95E+13,4.33E+14,72.3,49.2,2.42,1.11,1.10E+15,1.34E+15,3.69E+14,1.54E+14,99.5,100.2,295.5,311.8
01P11CM118,CFM International,CFM56-7B26E/B2,Tech Insertion,TF,5.1,27.7,117,1.213,0.986,0.331,0.108,429,43.27,13.83,18.7,61.8,40.3,1.57,0.75,61.8,4.15E+14,4.33E+14,6.54E+13,2.95E+13,4.33E+14,72.3,49.2,2.42,1.11,1.10E+15,1.34E+15,3.69E+14,1.54E+14,99.5,100.2,295.5,311.8
01P11CM119,CFM International,CFM56-7B26E/F,Tech Insertion,TF,5.1,27.7,117,1.213,0.986,0.331,0.108,429,43.27,13.83,18.7,61.8,40.3,1.57,0.75,61.8,4.15E+14,4.33E+14,6.54E+13,2.95E+13,4.33E+14,72.3,49.2,2.42,1.11,1.10E+15,1.34E+15,3.69E+14,1.54E+14,99.5,100.2,295.5,311.8
01P11CM120,CFM International,CFM56-7B26E/B2F,Tech Insertion,TF,5.1,27.7,117,1.213,0.986,0.331,0.108,429,43.27,13.83,18.7,61.8,40.3,1.57,0.75,61.8,4.15E+14,4.33E+14,6.54E+13,2.95E+13,4.33E+14,72.3,49.2,2.42,1.11,1.10E+15,1.34E+15,3.69E+14,1.54E+14,99.5,100.2,295.5,311.8
01P11CM121,CFM International,CFM56-7B27E,Tech Insertion,TF,5.1,29,121.4,1.293,1.031,0.343,0.11,445,43.27,13.83,18.7,70.8,44,1.72,0.74,70.8,4.02E+14,4.33E+14,7.10E+13,2.66E+13,4.33E+14,82.1,53.2,2.65,1.07,1.01E+15,1.30E+15,3.98E+14,1.34E+14,99.5,100.2,295.5,311.8
01P11CM122,CFM International,CFM56-7B27E/B1,Tech Insertion,TF,5.1,29,121.4,1.293,1.031,0.343,0.11,445,43.27,13.83,18.7,70.8,44,1.72,0.74,70.8,4.02E+14,4.33E+14,7.10E+13,2.66E+13,4.33E+14,82.1,53.2,2.65,1.07,1.01E+15,1.30E+15,3.98E+14,1.34E+14,99.5,100.2,295.5,311.8
01P11CM123,CFM International,CFM56-7B27E/B3,Tech Insertion,TF,5.1,29,121.4,1.293,1.031,0.343,0.11,445,43.27,13.83,18.7,70.8,44,1.72,0.74,70.8,4.02E+14,4.33E+14,7.10E+13,2.66E+13,4.33E+14,82.1,53.2,2.65,1.07,1.01E+15,1.30E+15,3.98E+14,1.34E+14,99.5,100.2,295.5,311.8
01P11CM124,CFM International,CFM56-7B27AE,Tech Insertion,TF,5.1,29,121.4,1.293,1.031,0.343,0.11,445,43.27,13.83,18.7,70.8,44,1.72,0.74,70.8,4.02E+14,4.33E+14,7.10E+13,2.66E+13,4.33E+14,82.1,53.2,2.65,1.07,1.01E+15,1.30E+15,3.98E+14,1.34E+14,99.5,100.2,295.5,311.8
01P11CM125,CFM International,CFM56-7B27E/F,Tech Insertion,TF,5.1,29,121.4,1.293,1.031,0.343,0.11,445,43.27,13.83,18.7,70.8,44,1.72,0.74,70.8,4.02E+14,4.33E+14,7.10E+13,2.66E+13,4.33E+14,82.1,53.2,2.65,1.07,1.01E+15,1.30E+15,3.98E+14,1.34E+14,99.5,100.2,295.5,311.8
01P11CM126,CFM International,CFM56-7B27E/B1F,Tech Insertion,TF,5.1,29,121.4,1.293,1.031,0.343,0.11,445,43.27,13.83,18.7,70.8,44,1.72,0.74,70.8,4.02E+14,4.33E+14,7.10E+13,2.66E+13,4.33E+14,82.1,53.2,2.65,1.07,1.01E+15,1.30E+15,3.98E+14,1.34E+14,99.5,100.2,295.5,311.8
01P20CM127,CFM International,LEAP-1A24/24E1/23,TAPS II,TF,11.1,29.98572,106.8013847,0.744720581,0.616069943,0.219155959,0.086940564,300.8242072,43.26,13.69,16.5,1.144063264,0.86605048,1.230604393,0.634958245,7.657522619,79049389725,68534626031,4.25E+13,3.69E+12,2.20E+14,1.354581502,1.035987181,1.850033576,0.788067431,1.07E+11,92348579067,2.76E+14,1.30E+13,97.8,98.8,274.6,279.8
01P20CM128,CFM International,LEAP-1A26/26E1,TAPS II,TF,10.8,33.27215,120.6357739,0.860940254,0.709926554,0.243730791,0.091100552,330.482046,43.26,13.69,16.5,1.357563364,1.082435584,1.973576267,0.574178973,7.603222645,89128532968,76682057125,6.89E+13,3.71E+12,2.19E+14,1.627025671,1.235175411,2.988555874,0.68386059,1.20E+11,1.00E+11,4.57E+14,1.09E+13,97.8,98.8,274.6,279.8
01P20CM129,CFM International,LEAP-1A26CJ,TAPS II,TF,10.8,33.27215,120.6357739,0.860940254,0.709926554,0.243730791,0.091100552,330.482046,43.26,13.69,16.5,1.357563364,1.082435584,1.973576267,0.574178973,7.603222645,89128532968,76682057125,6.89E+13,3.71E+12,2.19E+14,1.627025671,1.235175411,2.988555874,0.68386059,1.20E+11,1.00E+11,4.57E+14,1.09E+13,97.8,98.8,274.6,279.8
01P20CM130,CFM International,LEAP-1A29,TAPS II,TF,10.7,35.5023,130.2883858,0.945866435,0.777285192,0.261129424,0.094368016,352.2132026,43.26,13.69,16.5,1.821049822,1.157553052,2.937417985,0.582452189,7.57233816,1.17E+11,78699075841,9.85E+13,6.37E+12,2.18E+14,2.189466328,1.370354629,4.424721232,0.687331577,1.56E+11,1.07E+11,6.44E+14,1.79E+13,97.8,98.8,274.6,279.8
01P20CM131,CFM International,LEAP-1A29CJ,TAPS II,TF,10.7,35.5023,130.2883858,0.945866435,0.777285192,0.261129424,0.094368016,352.2132026,43.26,13.69,16.5,1.821049822,1.157553052,2.937417985,0.582452189,7.57233816,1.17E+11,78699075841,9.85E+13,6.37E+12,2.18E+14,2.189466328,1.370354629,4.424721232,0.687331577,1.56E+11,1.07E+11,6.44E+14,1.79E+13,97.8,98.8,274.6,279.8
01P20CM132,CFM International,LEAP-1A35A/33/33B2/32/30,TAPS II,TF,10.45,38.51118,143.0548288,1.061654457,0.869312169,0.283853704,0.0980881,380.481019,43.26,13.69,16.5,2.975456391,1.363594977,4.810871177,0.621810813,7.538040135,1.82E+11,89438008911,1.50E+14,1.15E+13,2.17E+14,3.585504085,1.635045706,7.066721194,0.769433511,2.44E+11,1.20E+11,9.22E+14,4.59E+13,97.8,98.8,274.6,279.8
01P20CM133,CFM International,LEAP-1B21,TAPS II,TF,8.5203,36.818,111.2678251,0.876656496,0.721968714,0.245381164,0.089059188,329.9432555,43.27,13.84,14.8,0.014330994,0.009869477,1.990428151,0.225902318,3.762691603,25857377175,29468736162,7.66E+13,2.48E+13,1.17E+14,0.015774062,0.009869477,3.136626854,0.512917797,40966407455,29468736162,5.60E+14,4.73E+14,98.02,98.16,290.6,296.5
01P20CM134,CFM International,LEAP-1B23,TAPS II,TF,8.4621,37.924,115.2400874,0.916194678,0.752107443,0.253482838,0.090699682,340.0857442,43.27,13.84,14.8,0.017136913,0.01194381,2.33834766,0.212637088,3.764629539,26129629859,28099642463,8.89E+13,2.30E+13,1.17E+14,0.018948706,0.01194381,3.623647604,0.482798706,40011969171,28099642463,6.24E+14,4.39E+14,98.02,98.16,290.6,296.5
01P20CM135,CFM International,LEAP-1B25,TAPS II,TF,8.3551,40.135,119.1500745,0.959827796,0.784488937,0.260135534,0.090543445,347.5456088,43.27,13.84,14.8,0.026280259,0.012745168,2.704051347,0.204646731,3.766411783,27125828562,26833798776,1.00E+14,2.17E+13,1.17E+14,0.02906917,0.014013984,4.12159997,0.464656367,41247182550,43093409083,6.75E+14,4.15E+14,98.02,98.16,290.6,296.5
01P20CM136,CFM International,LEAP-1B27,TAPS II,TF,8.3489,40.491,124.7148002,1.013540756,0.825992688,0.273100731,0.094601841,364.7227943,43.27,13.84,14.8,0.035428315,0.013213371,3.236561923,0.198418635,3.768756872,27971199359,26241112758,1.11E+14,2.00E+13,1.17E+14,0.039047718,0.014535018,4.8324903,0.418728789,45131667676,41535514743,7.13E+14,3.05E+14,98.02,98.16,290.6,296.5
01P20CM137,CFM International,LEAP-1B28B2C,TAPS II,TF,8.3489,40.491,124.7148002,1.013540756,0.825992688,0.273100731,0.094601841,364.7227943,43.27,13.84,14.8,0.035428315,0.013213371,3.236561923,0.198418635,3.768756872,27971199359,26241112758,1.11E+14,2.00E+13,1.17E+14,0.039047718,0.014535018,4.8324903,0.418728789,45131667676,41535514743,7.13E+14,3.05E+14,98.02,98.16,290.6,296.5
01P20CM138,CFM International,LEAP-1B28BBJ1,TAPS II,TF,8.2938,41.991,130.4085244,1.0747254,0.87256156,0.285171342,0.096910125,379.93751,43.27,13.84,14.8,0.055683165,0.014250849,3.809285913,0.202027603,3.809,29437187011,26005170966,1.18E+14,1.91E+13,1.17E+14,0.061429241,0.015692473,5.555439587,0.421650281,47977837018,41652139616,7.12E+14,2.81E+14,98.02,98.16,290.6,296.5
01P20CM139,CFM International,LEAP-1B28BBJ2,TAPS II,TF,8.3489,40.491,124.7148002,1.013540756,0.825992688,0.273100731,0.094601841,364.7227943,43.27,13.84,14.8,0.035428315,0.013213371,3.236561923,0.198418635,3.768756872,27971199359,26241112758,1.11E+14,2.00E+13,1.17E+14,0.039047718,0.014535018,4.8324903,0.418728789,45131667676,41535514743,7.13E+14,3.05E+14,98.02,98.16,290.6,296.5
01P20CM140,CFM International,LEAP-1B28/28B1/28B2/28B3,TAPS II,TF,8.2938,41.991,130.4085244,1.0747254,0.87256156,0.285171342,0.096910125,379.93751,43.27,13.84,14.8,0.055683165,0.014250849,3.809285913,0.202027603,3.809,29437187011,26005170966,1.18E+14,1.91E+13,1.17E+14,0.061429241,0.015692473,5.555439587,0.421650281,47977837018,41652139616,7.12E+14,2.81E+14,98.02,98.16,290.6,296.5
